{"cameraMode":{"drawMode":0,"name":"Shaded","section":"Shading Mode"},"sceneLighting":false,"audioPlay":false,"sceneViewState":{"showFog":true,"showMaterialUpdate":false,"showSkybox":true,"showFlares":true,"showImageEffects":true,"showParticleSystems":true},"in2DMode":false,"pivot":{"x":1.2623358964920045,"y":0.30428916215896609,"z":-0.2564098834991455},"rotation":{"x":-0.13516221940517426,"y":-0.232524573802948,"z":0.032649774104356769,"w":-0.9625993371009827},"size":2.4923415184020998,"orthographic":false}