{"cameraMode":{"drawMode":0,"name":"Shaded","section":"Shading Mode"},"sceneLighting":false,"audioPlay":false,"sceneViewState":{"showFog":true,"showMaterialUpdate":false,"showSkybox":true,"showFlares":true,"showImageEffects":true,"showParticleSystems":true},"in2DMode":false,"pivot":{"x":123.48943328857422,"y":-112.36450958251953,"z":-57.72097396850586},"rotation":{"x":-0.06106218323111534,"y":-0.8150379657745361,"z":0.08738654851913452,"w":-0.5695156455039978},"size":3.646376609802246,"orthographic":false}