{"cameraMode":{"drawMode":0,"name":"Shaded","section":"Shading Mode"},"sceneLighting":false,"audioPlay":false,"sceneViewState":{"showFog":true,"showMaterialUpdate":false,"showSkybox":true,"showFlares":true,"showImageEffects":true,"showParticleSystems":true},"in2DMode":false,"pivot":{"x":53.265899658203128,"y":-35.87237548828125,"z":59.1832275390625},"rotation":{"x":-0.24059288203716279,"y":-0.3519497215747833,"z":0.09412125498056412,"w":-0.8996598124504089},"size":189.61997985839845,"orthographic":false}