{"cameraMode":{"drawMode":0,"name":"Shaded","section":"Shading Mode"},"sceneLighting":true,"audioPlay":false,"sceneViewState":{"showFog":true,"showMaterialUpdate":false,"showSkybox":true,"showFlares":true,"showImageEffects":true,"showParticleSystems":true},"in2DMode":false,"pivot":{"x":-0.08624733984470368,"y":2.837583541870117,"z":15.323887825012207},"rotation":{"x":-0.004472436849027872,"y":0.9761638641357422,"z":-0.2160457819700241,"w":-0.020208124071359636},"size":3.6463844776153566,"orthographic":false}