{"cameraMode":{"drawMode":0,"name":"Shaded","section":"Shading Mode"},"sceneLighting":false,"audioPlay":false,"sceneViewState":{"showFog":true,"showMaterialUpdate":false,"showSkybox":true,"showFlares":true,"showImageEffects":true,"showParticleSystems":true},"in2DMode":false,"pivot":{"x":4.0098419189453129,"y":-64.19302368164063,"z":68.72444915771485},"rotation":{"x":-0.33698955178260805,"y":-0.20744232833385468,"z":0.0763845145702362,"w":-0.9151891469955444},"size":189.61997985839845,"orthographic":false}